{
	"info": {
		"_postman_id": "80e0cfb7-cc99-45f8-a2f8-71fda53910b8",
		"name": "Spring Boot Annotations",
		"schema": "https://schema.getpostman.com/json/collection/v2.1.0/collection.json"
	},
	"item": [
		{
			"name": "localhost:8080/users/save",
			"request": {
				"auth": {
					"type": "noauth"
				},
				"method": "POST",
				"header": [
					{
						"key": "Content-Type",
						"name": "Content-Type",
						"value": "application/json",
						"type": "text"
					}
				],
				"body": {
					"mode": "raw",
					"raw": "{\n\t\"firstname\":\"Romil\",\n\t\"lastname\": \"Patel\",\n\t\"contact\": \"9876543210\"\n}"
				},
				"url": {
					"raw": "localhost:8080/users/save",
					"host": [
						"localhost"
					],
					"port": "8080",
					"path": [
						"users",
						"save"
					]
				}
			},
			"response": []
		},
		{
			"name": "localhost:8080/users/list",
			"protocolProfileBehavior": {
				"disableBodyPruning": true
			},
			"request": {
				"auth": {
					"type": "noauth"
				},
				"method": "GET",
				"header": [
					{
						"key": "Content-Type",
						"name": "Content-Type",
						"value": "application/json",
						"type": "text"
					}
				],
				"body": {
					"mode": "raw",
					"raw": "{\n\t\"firstname\":\"Romil\",\n\t\"lastname\": \"Patel\",\n\t\"contact\": \"9876543210\"\n}"
				},
				"url": {
					"raw": "localhost:8080/users/list",
					"host": [
						"localhost"
					],
					"port": "8080",
					"path": [
						"users",
						"list"
					]
				}
			},
			"response": []
		},
		{
			"name": "localhost:8080/users/list/error",
			"protocolProfileBehavior": {
				"disableBodyPruning": true
			},
			"request": {
				"auth": {
					"type": "noauth"
				},
				"method": "GET",
				"header": [
					{
						"key": "Content-Type",
						"name": "Content-Type",
						"value": "application/json",
						"type": "text"
					}
				],
				"body": {
					"mode": "raw",
					"raw": ""
				},
				"url": {
					"raw": "localhost:8080/users/list/error",
					"host": [
						"localhost"
					],
					"port": "8080",
					"path": [
						"users",
						"list",
						"error"
					]
				}
			},
			"response": []
		},
		{
			"name": "localhost:8080/users/rest/list",
			"protocolProfileBehavior": {
				"disableBodyPruning": true
			},
			"request": {
				"auth": {
					"type": "noauth"
				},
				"method": "GET",
				"header": [
					{
						"key": "Content-Type",
						"name": "Content-Type",
						"value": "application/json",
						"type": "text"
					}
				],
				"body": {
					"mode": "raw",
					"raw": ""
				},
				"url": {
					"raw": "localhost:8080/users/rest/list",
					"host": [
						"localhost"
					],
					"port": "8080",
					"path": [
						"users",
						"rest",
						"list"
					]
				}
			},
			"response": []
		},
		{
			"name": "localhost:8080/users/response-entity/list",
			"protocolProfileBehavior": {
				"disableBodyPruning": true
			},
			"request": {
				"auth": {
					"type": "noauth"
				},
				"method": "GET",
				"header": [
					{
						"key": "Content-Type",
						"name": "Content-Type",
						"value": "application/json",
						"type": "text"
					}
				],
				"body": {
					"mode": "raw",
					"raw": ""
				},
				"url": {
					"raw": "localhost:8080/users/response-entity/list",
					"host": [
						"localhost"
					],
					"port": "8080",
					"path": [
						"users",
						"response-entity",
						"list"
					]
				}
			},
			"response": []
		},
		{
			"name": "localhost:8080/users/response-entity/list",
			"protocolProfileBehavior": {
				"disableBodyPruning": true
			},
			"request": {
				"auth": {
					"type": "noauth"
				},
				"method": "GET",
				"header": [
					{
						"key": "Content-Type",
						"name": "Content-Type",
						"value": "application/json",
						"type": "text"
					}
				],
				"body": {
					"mode": "raw",
					"raw": ""
				},
				"url": {
					"raw": "localhost:8080/users/response-entity/list",
					"host": [
						"localhost"
					],
					"port": "8080",
					"path": [
						"users",
						"response-entity",
						"list"
					]
				}
			},
			"response": []
		},
		{
			"name": "localhost:8080/users/contact?contact=9876543210",
			"protocolProfileBehavior": {
				"disableBodyPruning": true
			},
			"request": {
				"auth": {
					"type": "noauth"
				},
				"method": "GET",
				"header": [
					{
						"key": "Content-Type",
						"name": "Content-Type",
						"value": "application/json",
						"type": "text"
					}
				],
				"body": {
					"mode": "raw",
					"raw": ""
				},
				"url": {
					"raw": "localhost:8080/users/contact?contact=9876543210",
					"host": [
						"localhost"
					],
					"port": "8080",
					"path": [
						"users",
						"contact"
					],
					"query": [
						{
							"key": "contact",
							"value": "9876543210"
						}
					]
				}
			},
			"response": []
		},
		{
			"name": "localhost:8080/users/user/1",
			"protocolProfileBehavior": {
				"disableBodyPruning": true
			},
			"request": {
				"auth": {
					"type": "noauth"
				},
				"method": "GET",
				"header": [
					{
						"key": "Content-Type",
						"name": "Content-Type",
						"value": "application/json",
						"type": "text"
					}
				],
				"body": {
					"mode": "raw",
					"raw": ""
				},
				"url": {
					"raw": "localhost:8080/users/user/1",
					"host": [
						"localhost"
					],
					"port": "8080",
					"path": [
						"users",
						"user",
						"1"
					]
				}
			},
			"response": []
		}
	],
	"protocolProfileBehavior": {}
}